"RK",TIERS,"PLAYER NAME",TEAM,"POS","BYE WEEK","AGE","SOS SEASON","ECR VS. ADP"
"1",1,"Patrick Mahomes II",KC,"QB1","10","28","5 out of 5 stars","-"
"2",1,"Justin Jefferson",MIN,"WR1","13","24","3 out of 5 stars","-"
"3",1,"Jalen Hurts",PHI,"QB2","10","25","2 out of 5 stars","-"
"4",1,"Ja'Marr Chase",CIN,"WR2","7","23","3 out of 5 stars","-"
"5",1,"Josh Allen",BUF,"QB3","13","27","4 out of 5 stars","-"
"6",2,"Bijan Robinson",ATL,"RB1","11","21","4 out of 5 stars","-"
"7",2,"Joe Burrow",CIN,"QB4","7","26","2 out of 5 stars","-"
"8",2,"Justin Herbert",LAC,"QB5","5","25","4 out of 5 stars","-"
"9",2,"CeeDee Lamb",DAL,"WR3","7","24","3 out of 5 stars","-"
"10",2,"Garrett Wilson",NYJ,"WR4","7","23","4 out of 5 stars","-"
"11",2,"Amon-Ra St. Brown",DET,"WR5","9","24","3 out of 5 stars","-"
"12",3,"A.J. Brown",PHI,"WR6","10","26","3 out of 5 stars","-"
"13",3,"Breece Hall",NYJ,"RB2","7","22","4 out of 5 stars","-"
"14",3,"Jaylen Waddle",MIA,"WR7","10","24","3 out of 5 stars","-"
"15",3,"Christian McCaffrey",SF,"RB3","9","27","2 out of 5 stars","-"
"16",3,"Trevor Lawrence",JAC,"QB6","9","24","0 out of 5 stars","-"
"17",3,"Chris Olave",NO,"WR8","11","23","3 out of 5 stars","-"
"18",3,"Lamar Jackson",BAL,"QB7","13","26","4 out of 5 stars","-"
"19",3,"Jonathan Taylor",IND,"RB4","11","24","4 out of 5 stars","-"
"20",4,"Tyreek Hill",MIA,"WR9","10","29","3 out of 5 stars","-"
"21",4,"Anthony Richardson",IND,"QB8","11","21","2 out of 5 stars","-"
"22",4,"DeVonta Smith",PHI,"WR10","10","24","3 out of 5 stars","-"
"23",4,"Drake London",ATL,"WR11","11","22","4 out of 5 stars","-"
"24",4,"Tua Tagovailoa",MIA,"QB9","10","25","3 out of 5 stars","-"
"25",4,"Stefon Diggs",BUF,"WR12","13","29","2 out of 5 stars","-"
"26",4,"Jahmyr Gibbs",DET,"RB5","9","21","4 out of 5 stars","-"
"27",4,"Kenneth Walker III",SEA,"RB6","5","23","1 out of 5 stars","-"
"28",4,"Saquon Barkley",NYG,"RB7","13","26","3 out of 5 stars","-"
"29",4,"Kyle Pitts",ATL,"TE1","11","23","3 out of 5 stars","-"
"30",4,"Travis Etienne Jr.",JAC,"RB8","9","24","4 out of 5 stars","-"
"31",5,"Tony Pollard",DAL,"RB9","7","26","2 out of 5 stars","-"
"32",5,"Josh Jacobs",LV,"RB10","13","25","3 out of 5 stars","-"
"33",5,"C.J. Stroud",HOU,"QB10","7","22","3 out of 5 stars","-"
"34",5,"Travis Kelce",KC,"TE2","10","34","4 out of 5 stars","-"
"35",5,"DK Metcalf",SEA,"WR13","5","25","2 out of 5 stars","-"
"36",5,"Tee Higgins",CIN,"WR14","7","24","3 out of 5 stars","-"
"37",5,"Justin Fields",CHI,"QB11","13","24","3 out of 5 stars","-"
"38",5,"Rhamondre Stevenson",NE,"RB11","11","25","4 out of 5 stars","-"
"39",5,"Cooper Kupp",LAR,"WR15","10","30","3 out of 5 stars","-"
"40",5,"Brandon Aiyuk",SF,"WR16","9","25","2 out of 5 stars","-"
"41",5,"Mark Andrews",BAL,"TE3","13","28","3 out of 5 stars","-"
"42",6,"Davante Adams",LV,"WR17","13","30","4 out of 5 stars","-"
"43",6,"Austin Ekeler",LAC,"RB12","5","28","4 out of 5 stars","-"
"44",6,"Dak Prescott",DAL,"QB12","7","30","5 out of 5 stars","-"
"45",6,"Jaxon Smith-Njigba",SEA,"WR18","5","21","2 out of 5 stars","-"
"46",6,"Kyler Murray",ARI,"QB13","14","26","2 out of 5 stars","-"
"47",6,"Bryce Young",CAR,"QB14","7","22","3 out of 5 stars","-"
"48",6,"DJ Moore",CHI,"WR19","13","26","3 out of 5 stars","-"
"49",6,"Christian Watson",GB,"WR20","6","24","3 out of 5 stars","-"
"50",6,"Deshaun Watson",CLE,"QB15","5","28","3 out of 5 stars","-"
"51",6,"Calvin Ridley",JAC,"WR21","9","28","4 out of 5 stars","-"
"52",6,"Jordan Addison",MIN,"WR22","13","21","3 out of 5 stars","-"
"53",6,"Michael Pittman Jr.",IND,"WR23","11","26","3 out of 5 stars","-"
"54",6,"Javonte Williams",DEN,"RB13","9","23","3 out of 5 stars","-"
"55",6,"T.J. Hockenson",MIN,"TE4","13","26","3 out of 5 stars","-"
"56",6,"Dameon Pierce",HOU,"RB14","7","23","4 out of 5 stars","-"
"57",6,"Daniel Jones",NYG,"QB16","13","26","2 out of 5 stars","-"
"58",6,"Zay Flowers",BAL,"WR24","13","23","2 out of 5 stars","-"
"59",7,"Puka Nacua",LAR,"WR25","10","22","3 out of 5 stars","-"
"60",7,"James Cook",BUF,"RB15","13","24","3 out of 5 stars","-"
"61",7,"Kirk Cousins",MIN,"QB17","13","35","3 out of 5 stars","-"
"62",7,"Deebo Samuel",SF,"WR26","9","27","2 out of 5 stars","-"
"63",7,"Terry McLaurin",WAS,"WR27","14","28","3 out of 5 stars","-"
"64",7,"Rachaad White",TB,"RB16","5","24","3 out of 5 stars","-"
"65",7,"D'Andre Swift",PHI,"RB17","10","24","2 out of 5 stars","-"
"66",7,"Najee Harris",PIT,"RB18","6","25","3 out of 5 stars","-"
"67",7,"Chris Godwin",TB,"WR28","5","27","4 out of 5 stars","-"
"68",7,"Derrick Henry",TEN,"RB19","7","29","5 out of 5 stars","-"
"69",7,"George Pickens",PIT,"WR29","6","22","2 out of 5 stars","-"
"70",7,"Jerry Jeudy",DEN,"WR30","9","24","3 out of 5 stars","-"
"71",7,"Jordan Love",GB,"QB18","6","24","3 out of 5 stars","-"
"72",7,"Geno Smith",SEA,"QB19","5","33","2 out of 5 stars","-"
"73",7,"Jared Goff",DET,"QB20","9","29","3 out of 5 stars","-"
"74",7,"Joe Mixon",CIN,"RB20","7","27","3 out of 5 stars","-"
"75",7,"Aaron Jones",GB,"RB21","6","28","2 out of 5 stars","-"
"76",7,"Brian Robinson Jr.",WAS,"RB22","14","24","2 out of 5 stars","-"
"77",7,"Jahan Dotson",WAS,"WR31","14","23","3 out of 5 stars","-"
"78",7,"Isiah Pacheco",KC,"RB23","10","24","4 out of 5 stars","-"
"79",8,"De'Von Achane",MIA,"RB24","10","22","3 out of 5 stars","-"
"80",8,"David Montgomery",DET,"RB25","9","26","4 out of 5 stars","-"
"81",8,"Marquise Brown",ARI,"WR32","14","26","1 out of 5 stars","-"
"82",8,"Amari Cooper",CLE,"WR33","5","29","3 out of 5 stars","-"
"83",8,"Nico Collins",HOU,"WR34","7","24","3 out of 5 stars","-"
"84",8,"Brock Purdy",SF,"QB21","9","23","4 out of 5 stars","-"
"85",8,"Kenny Pickett",PIT,"QB22","6","25","3 out of 5 stars","-"
"86",8,"Jameson Williams",DET,"WR35","9","22","3 out of 5 stars","-"
"87",8,"Sam LaPorta",DET,"TE5","9","22","3 out of 5 stars","-"
"88",8,"Quentin Johnston",LAC,"WR36","5","22","4 out of 5 stars","-"
"89",8,"Christian Kirk",JAC,"WR37","9","26","4 out of 5 stars","-"
"90",8,"Zach Charbonnet",SEA,"RB26","5","22","1 out of 5 stars","-"
"91",8,"Diontae Johnson",PIT,"WR38","6","27","2 out of 5 stars","-"
"92",8,"Dallas Goedert",PHI,"TE6","10","28","3 out of 5 stars","-"
"93",8,"Keenan Allen",LAC,"WR39","5","31","4 out of 5 stars","-"
"94",8,"George Kittle",SF,"TE7","9","30","3 out of 5 stars","-"
"95",8,"Nick Chubb",CLE,"RB27","5","27","3 out of 5 stars","-"
"96",8,"Derek Carr",NO,"QB23","11","32","3 out of 5 stars","-"
"97",8,"Miles Sanders",CAR,"RB28","7","26","3 out of 5 stars","-"
"98",8,"Alexander Mattison",MIN,"RB29","13","25","4 out of 5 stars","-"
"99",8,"Sam Howell",WAS,"QB24","14","23","5 out of 5 stars","-"
"100",8,"Dalton Kincaid",BUF,"TE8","13","24","3 out of 5 stars","-"
"101",9,"Russell Wilson",DEN,"QB25","9","34","4 out of 5 stars","-"
"102",9,"Rashee Rice",KC,"WR40","10","23","4 out of 5 stars","-"
"103",9,"Gabe Davis",BUF,"WR41","13","24","2 out of 5 stars","-"
"104",9,"Alvin Kamara",NO,"RB30","11","28","4 out of 5 stars","-"
"105",9,"Pat Freiermuth",PIT,"TE9","6","25","3 out of 5 stars","-"
"106",9,"Tyjae Spears",TEN,"RB31","7","22","5 out of 5 stars","-"
"107",9,"Aaron Rodgers",NYJ,"QB26","7","39","3 out of 5 stars","-"
"108",9,"Roschon Johnson",CHI,"RB32","13","22","2 out of 5 stars","-"
"109",9,"Kendre Miller",NO,"RB33","11","21","4 out of 5 stars","-"
"110",9,"Jakobi Meyers",LV,"WR42","13","26","4 out of 5 stars","-"
"111",9,"Treylon Burks",TEN,"WR43","7","23","3 out of 5 stars","-"
"112",9,"Matthew Stafford",LAR,"QB27","10","35","4 out of 5 stars","-"
"113",9,"Marvin Mims Jr.",DEN,"WR44","9","21","3 out of 5 stars","-"
"114",9,"AJ Dillon",GB,"RB34","6","25","2 out of 5 stars","-"
"115",9,"Mike Evans",TB,"WR45","5","30","4 out of 5 stars","-"
"116",9,"DeAndre Hopkins",TEN,"WR46","7","31","3 out of 5 stars","-"
"117",9,"Jayden Reed",GB,"WR47","6","23","3 out of 5 stars","-"
"118",9,"Mac Jones",NE,"QB28","11","25","3 out of 5 stars","-"
"119",9,"Darren Waller",NYG,"TE10","13","31","4 out of 5 stars","-"
"120",9,"Josh Downs",IND,"WR48","11","22","3 out of 5 stars","-"
"121",9,"Khalil Herbert",CHI,"RB35","13","25","2 out of 5 stars","-"
"122",9,"James Conner",ARI,"RB36","14","28","1 out of 5 stars","-"
"123",9,"Jerome Ford",CLE,"RB37","5","24","3 out of 5 stars","-"
"124",9,"Elijah Moore",CLE,"WR49","5","23","3 out of 5 stars","-"
"125",9,"Tank Bigsby",JAC,"RB38","9","22","4 out of 5 stars","-"
"126",9,"Antonio Gibson",WAS,"RB39","14","25","2 out of 5 stars","-"
"127",9,"Trey Lance",DAL,"QB29","7","23","5 out of 5 stars","-"
"128",9,"Desmond Ridder",ATL,"QB30","11","24","3 out of 5 stars","-"
"129",9,"J.K. Dobbins",BAL,"RB40","13","24","3 out of 5 stars","-"
"130",9,"Tank Dell",HOU,"WR50","7","23","3 out of 5 stars","-"
"131",9,"Evan Engram",JAC,"TE11","9","29","2 out of 5 stars","-"
"132",9,"Luke Musgrave",GB,"TE12","6","23","3 out of 5 stars","-"
"133",10,"Tyler Allgeier",ATL,"RB41","11","23","4 out of 5 stars","-"
"134",10,"Michael Mayer",LV,"TE13","13","22","2 out of 5 stars","-"
"135",10,"Tyler Lockett",SEA,"WR51","5","31","2 out of 5 stars","-"
"136",10,"Dalvin Cook",NYJ,"RB42","7","28","4 out of 5 stars","-"
"137",10,"Cam Akers",MIN,"RB43","13","24","4 out of 5 stars","-"
"138",10,"Rashod Bateman",BAL,"WR52","13","23","2 out of 5 stars","-"
"139",10,"Chigoziem Okonkwo",TEN,"TE14","7","24","2 out of 5 stars","-"
"140",10,"Greg Dulcich",DEN,"TE15","9","23","2 out of 5 stars","-"
"141",10,"Jonathan Mingo",CAR,"WR53","7","22","3 out of 5 stars","-"
"142",10,"Rashaad Penny",PHI,"RB44","10","27","2 out of 5 stars","-"
"143",10,"David Njoku",CLE,"TE16","5","27","3 out of 5 stars","-"
"144",10,"Mike Williams",LAC,"WR54","5","29","4 out of 5 stars","-"
"145",10,"Jaylen Warren",PIT,"RB45","6","24","3 out of 5 stars","-"
"146",10,"Elijah Mitchell",SF,"RB46","9","25","2 out of 5 stars","-"
"147",10,"Kadarius Toney",KC,"WR55","10","24","4 out of 5 stars","-"
"148",10,"Romeo Doubs",GB,"WR56","6","23","3 out of 5 stars","-"
"149",10,"Wan'Dale Robinson",NYG,"WR57","13","22","3 out of 5 stars","-"
"150",10,"Samaje Perine",DEN,"RB47","9","28","3 out of 5 stars","-"
"151",10,"Cole Kmet",CHI,"TE17","13","24","2 out of 5 stars","-"
"152",10,"Trey McBride",ARI,"TE18","14","23","5 out of 5 stars","-"
"153",10,"Damien Harris",BUF,"RB48","13","26","3 out of 5 stars","-"
"154",10,"Skyy Moore",KC,"WR58","10","23","4 out of 5 stars","-"
"155",10,"Courtland Sutton",DEN,"WR59","9","28","3 out of 5 stars","-"
"156",10,"Dalton Schultz",HOU,"TE19","7","27","3 out of 5 stars","-"
"157",10,"Jamaal Williams",NO,"RB49","11","28","4 out of 5 stars","-"
"158",10,"Darnell Mooney",CHI,"WR60","13","25","3 out of 5 stars","-"
"159",10,"Devin Singletary",HOU,"RB50","7","26","4 out of 5 stars","-"
"160",10,"Rondale Moore",ARI,"WR61","14","23","1 out of 5 stars","-"
"161",11,"Chase Brown",CIN,"RB51","7","23","3 out of 5 stars","-"
"162",11,"Brandin Cooks",DAL,"WR62","7","30","3 out of 5 stars","-"
"163",11,"Alec Pierce",IND,"WR63","11","23","3 out of 5 stars","-"
"164",11,"Juwan Johnson",NO,"TE20","11","27","3 out of 5 stars","-"
"165",11,"Zach Evans",LAR,"RB52","10","22","3 out of 5 stars","-"
"166",11,"Michael Wilson",ARI,"WR64","14","23","1 out of 5 stars","-"
"167",11,"Isaiah Likely",BAL,"TE21","13","23","3 out of 5 stars","-"
"168",11,"Jake Ferguson",DAL,"TE22","7","24","4 out of 5 stars","-"
"169",11,"Chuba Hubbard",CAR,"RB53","7","24","3 out of 5 stars","-"
"170",11,"Israel Abanikanda",NYJ,"RB54","7","21","4 out of 5 stars","-"
"171",11,"Jalin Hyatt",NYG,"WR65","13","22","3 out of 5 stars","-"
"172",11,"Michael Thomas",NO,"WR66","11","30","3 out of 5 stars","-"
"173",11,"Kenneth Gainwell",PHI,"RB55","10","24","2 out of 5 stars","-"
"174",11,"Jelani Woods",IND,"TE23","11","25","4 out of 5 stars","-"
"175",11,"D'Onta Foreman",CHI,"RB56","13","27","2 out of 5 stars","-"
"176",11,"Jeff Wilson Jr.",MIA,"RB57","10","27","3 out of 5 stars","-"
"177",11,"Raheem Mostert",MIA,"RB58","10","31","3 out of 5 stars","-"
"178",11,"Tyler Higbee",LAR,"TE24","10","30","3 out of 5 stars","-"
"179",11,"Cedric Tillman",CLE,"WR67","5","23","3 out of 5 stars","-"
"180",11,"Ryan Tannehill",TEN,"QB31","7","35","2 out of 5 stars","-"
"181",11,"Joshua Palmer",LAC,"WR68","5","24","4 out of 5 stars","-"
"182",11,"Rashid Shaheed",NO,"WR69","11","25","3 out of 5 stars","-"
"183",11,"Curtis Samuel",WAS,"WR70","14","27","3 out of 5 stars","-"
"184",11,"Hunter Henry",NE,"TE25","11","28","3 out of 5 stars","-"
"185",11,"Clyde Edwards-Helaire",KC,"RB59","10","24","4 out of 5 stars","-"
"186",11,"John Metchie III",HOU,"WR71","7","23","3 out of 5 stars","-"
"187",11,"DJ Chark Jr.",CAR,"WR72","7","27","3 out of 5 stars","-"
"188",11,"Jerick McKinnon",KC,"RB60","10","31","4 out of 5 stars","-"
"189",11,"Donovan Peoples-Jones",CLE,"WR73","5","24","3 out of 5 stars","-"
"190",11,"Jimmy Garoppolo",LV,"QB32","13","31","5 out of 5 stars","-"
"191",11,"Will Levis",TEN,"QB33","7","24","2 out of 5 stars","-"
"192",11,"Evan Hull",IND,"RB61","11","23","4 out of 5 stars","-"
"193",11,"Kareem Hunt",CLE,"RB62","5","28","3 out of 5 stars","-"
"194",11,"Gerald Everett",LAC,"TE26","5","29","3 out of 5 stars","-"
"195",11,"Ezekiel Elliott",NE,"RB63","11","28","4 out of 5 stars","-"
"196",11,"Chase Claypool",MIA,"WR74","10","25","3 out of 5 stars","-"
"197",11,"Tyler Boyd",CIN,"WR75","7","28","3 out of 5 stars","-"
"198",11,"Isaiah Hodgins",NYG,"WR76","13","25","3 out of 5 stars","-"
"199",11,"Odell Beckham Jr.",BAL,"WR77","13","30","2 out of 5 stars","-"
"200",11,"Allen Lazard",NYJ,"WR78","7","27","4 out of 5 stars","-"
"201",12,"Leonard Fournette",FA,"RB64","-","28","-","-"
"202",12,"Tyquan Thornton",NE,"WR79","11","23","4 out of 5 stars","-"
"203",12,"Michael Carter",NYJ,"RB65","7","24","4 out of 5 stars","-"
"204",12,"Noah Fant",SEA,"TE27","5","25","4 out of 5 stars","-"
"205",12,"Zay Jones",JAC,"WR80","9","28","4 out of 5 stars","-"
"206",12,"Terrace Marshall Jr.",CAR,"WR81","7","23","3 out of 5 stars","-"
"207",12,"Michael Gallup",DAL,"WR82","7","27","3 out of 5 stars","-"
"208",12,"Eric Gray",NYG,"RB66","13","23","3 out of 5 stars","-"
"209",12,"Adam Thielen",CAR,"WR83","7","33","3 out of 5 stars","-"
"210",12,"Khalil Shakir",BUF,"WR84","13","23","2 out of 5 stars","-"
"211",12,"Luke Schoonmaker",DAL,"TE28","7","25","4 out of 5 stars","-"
"212",12,"Tutu Atwell",LAR,"WR85","10","24","3 out of 5 stars","-"
"213",12,"Darius Slayton",NYG,"WR86","13","26","3 out of 5 stars","-"
"214",12,"Mike Gesicki",NE,"TE29","11","28","3 out of 5 stars","-"
"215",12,"Tyler Scott",CHI,"WR87","13","22","3 out of 5 stars","-"
"216",12,"Gus Edwards",BAL,"RB67","13","28","3 out of 5 stars","-"
"217",12,"Kyren Williams",LAR,"RB68","10","23","3 out of 5 stars","-"
"218",12,"K.J. Osborn",MIN,"WR88","13","26","3 out of 5 stars","-"
"219",12,"Sean Tucker",TB,"RB69","5","22","3 out of 5 stars","-"
"220",12,"Zonovan Knight",DET,"RB70","9","22","4 out of 5 stars","-"
"221",12,"Zamir White",LV,"RB71","13","24","3 out of 5 stars","-"
"222",12,"DeWayne McBride",MIN,"RB72","13","22","4 out of 5 stars","-"
"223",12,"JuJu Smith-Schuster",NE,"WR89","11","26","4 out of 5 stars","-"
"224",12,"Hunter Renfrow",LV,"WR90","13","27","4 out of 5 stars","-"
"225",12,"Irv Smith Jr.",CIN,"TE30","7","25","2 out of 5 stars","-"
"226",12,"Pierre Strong Jr.",CLE,"RB73","5","24","3 out of 5 stars","-"
"227",12,"Taysom Hill",NO,"TE31","11","33","3 out of 5 stars","-"
"228",12,"Hendon Hooker",DET,"QB34","9","25","3 out of 5 stars","-"
"229",12,"Cordarrelle Patterson",ATL,"RB74","11","32","4 out of 5 stars","-"
"230",12,"Deuce Vaughn",DAL,"RB75","7","21","2 out of 5 stars","-"
"231",12,"Baker Mayfield",TB,"QB35","5","28","2 out of 5 stars","-"
"232",12,"Dawson Knox",BUF,"TE32","13","26","3 out of 5 stars","-"
"233",12,"Zack Moss",IND,"RB76","11","25","4 out of 5 stars","-"
"234",12,"Xavier Hutchinson",HOU,"WR91","7","23","3 out of 5 stars","-"
"235",12,"Cade Otton",TB,"TE33","5","24","3 out of 5 stars","-"
"236",12,"Ty Chandler",MIN,"RB77","13","25","4 out of 5 stars","-"
"237",12,"A.T. Perry",NO,"WR92","11","24","3 out of 5 stars","-"
"238",12,"Isaiah Spiller",LAC,"RB78","5","22","4 out of 5 stars","-"
"239",12,"Parris Campbell",NYG,"WR93","13","26","3 out of 5 stars","-"
"240",12,"Kenny McIntosh",SEA,"RB79","5","23","1 out of 5 stars","-"
"241",12,"Mecole Hardman Jr.",KC,"WR94","10","25","4 out of 5 stars","-"
"242",12,"DeVante Parker",NE,"WR95","11","30","4 out of 5 stars","-"
"243",12,"Joshua Kelley",LAC,"RB80","5","25","4 out of 5 stars","-"
"244",12,"Darnell Washington",PIT,"TE34","6","22","3 out of 5 stars","-"
"245",13,"Keaontay Ingram",ARI,"RB81","14","24","1 out of 5 stars","-"
"246",13,"Zach Wilson",NYJ,"QB36","7","24","3 out of 5 stars","-"
"247",13,"Deon Jackson",CLE,"RB82","5","24","3 out of 5 stars","-"
"248",13,"Russell Gage",TB,"WR96","5","27","4 out of 5 stars","-"
"249",13,"Kayshon Boutte",NE,"WR97","11","21","4 out of 5 stars","-"
"250",13,"Jalen Tolbert",DAL,"WR98","7","24","3 out of 5 stars","-"
"251",13,"Kevin Harris",NE,"RB83","11","22","4 out of 5 stars","-"
"252",13,"Hayden Hurst",CAR,"TE35","7","30","3 out of 5 stars","-"
"253",13,"Tucker Kraft",GB,"TE36","6","22","3 out of 5 stars","-"
"254",13,"Parker Washington",JAC,"WR99","9","21","4 out of 5 stars","-"
"255",13,"Zach Ertz",ARI,"TE37","14","32","5 out of 5 stars","-"
"256",13,"D'Ernest Johnson",JAC,"RB84","9","27","4 out of 5 stars","-"
"257",13,"Marquez Valdes-Scantling",KC,"WR100","10","29","4 out of 5 stars","-"
"258",13,"Allen Robinson II",PIT,"WR101","6","30","2 out of 5 stars","-"
"259",13,"Justyn Ross",KC,"WR102","10","23","4 out of 5 stars","-"
"260",13,"Robert Woods",HOU,"WR103","7","31","3 out of 5 stars","-"
"261",13,"Laviska Shenault Jr.",CAR,"WR104","7","25","3 out of 5 stars","-"
"262",13,"Tim Patrick",DEN,"WR105","9","29","3 out of 5 stars","-"
"263",13,"Jordan Mason",SF,"RB85","9","24","2 out of 5 stars","-"
"264",13,"Kylen Granson",IND,"TE38","11","25","4 out of 5 stars","-"
"265",13,"Trey Palmer",TB,"WR106","5","22","4 out of 5 stars","-"
"266",13,"Kyle Philips",TEN,"WR107","7","24","3 out of 5 stars","-"
"267",13,"Chase Edmonds",TB,"RB86","5","27","3 out of 5 stars","-"
"268",13,"Tyrion Davis-Price",SF,"RB87","9","23","2 out of 5 stars","-"
"269",13,"Daniel Bellinger",NYG,"TE39","13","23","4 out of 5 stars","-"
"270",13,"Kendrick Bourne",NE,"WR108","11","28","4 out of 5 stars","-"
"271",13,"Van Jefferson",ATL,"WR109","11","27","4 out of 5 stars","-"
"272",13,"Nyheim Hines",BUF,"RB88","13","26","3 out of 5 stars","-"
"273",13,"Logan Thomas",WAS,"TE40","14","32","5 out of 5 stars","-"
"274",13,"Tyler Conklin",NYJ,"TE41","7","28","3 out of 5 stars","-"
"275",13,"Josh Reynolds",DET,"WR110","9","28","3 out of 5 stars","-"
"276",13,"James Robinson",GB,"RB89","6","25","2 out of 5 stars","-"
"277",13,"Brevin Jordan",HOU,"TE42","7","23","3 out of 5 stars","-"
"278",13,"Kene Nwangwu",MIN,"RB90","13","25","4 out of 5 stars","-"
"279",13,"JaMycal Hasty",JAC,"RB91","9","27","4 out of 5 stars","-"
"280",13,"Latavius Murray",BUF,"RB92","13","33","3 out of 5 stars","-"
"281",13,"Keaton Mitchell",BAL,"RB93","13","21","3 out of 5 stars","-"
"282",13,"Deonte Harty",BUF,"WR111","13","25","2 out of 5 stars","-"
"283",13,"KJ Hamler",IND,"WR112","11","24","3 out of 5 stars","-"
"284",13,"Calvin Austin III",PIT,"WR113","6","24","2 out of 5 stars","-"
"285",13,"Hassan Haskins",TEN,"RB94","7","23","5 out of 5 stars","-"
"286",13,"David Bell",CLE,"WR114","5","22","3 out of 5 stars","-"
"287",13,"Jonnu Smith",ATL,"TE43","11","28","3 out of 5 stars","-"
"288",14,"Devin Duvernay",BAL,"WR115","13","26","2 out of 5 stars","-"
"289",14,"Boston Scott",PHI,"RB95","10","28","2 out of 5 stars","-"
"290",14,"Isaiah McKenzie",IND,"WR116","11","28","3 out of 5 stars","-"
"291",14,"Chris Evans",CIN,"RB96","7","26","3 out of 5 stars","-"
"292",14,"Darrell Henderson Jr.",LAR,"RB97","10","26","3 out of 5 stars","-"
"293",14,"Mohamed Ibrahim",DET,"RB98","9","25","4 out of 5 stars","-"
"294",14,"Chris Rodriguez Jr.",WAS,"RB99","14","23","2 out of 5 stars","-"
"295",14,"Trey Sermon",IND,"RB100","11","24","4 out of 5 stars","-"
"296",14,"Justice Hill",BAL,"RB101","13","25","3 out of 5 stars","-"
"297",14,"Sam Darnold",SF,"QB37","9","26","4 out of 5 stars","-"
"298",14,"Eno Benjamin",NO,"RB102","11","24","4 out of 5 stars","-"
"299",14,"Dontayvion Wicks",GB,"WR117","6","22","3 out of 5 stars","-"
"300",14,"Andrei Iosivas",CIN,"WR118","7","24","3 out of 5 stars","-"
"301",14,"Danny Gray",SF,"WR119","9","24","2 out of 5 stars","-"
"302",14,"Aidan O'Connell",LV,"QB38","13","25","5 out of 5 stars","-"
"303",14,"Ronnie Bell",SF,"WR120","9","23","2 out of 5 stars","-"
"304",14,"Richie James Jr.",KC,"WR121","10","28","4 out of 5 stars","-"
"305",14,"Tre Tucker",LV,"WR122","13","22","4 out of 5 stars","-"
"306",14,"Myles Gaskin",LAR,"RB103","10","26","3 out of 5 stars","-"
"307",14,"Austin Hooper",LV,"TE44","13","28","2 out of 5 stars","-"
"308",14,"Harrison Bryant",CLE,"TE45","5","25","3 out of 5 stars","-"
"309",14,"Peyton Hendershot",DAL,"TE46","7","24","4 out of 5 stars","-"
"310",14,"Jacoby Brissett",WAS,"QB39","14","30","5 out of 5 stars","-"
"311",14,"Brenton Strange",JAC,"TE47","9","22","2 out of 5 stars","-"
"312",14,"Trayveon Williams",CIN,"RB104","7","26","3 out of 5 stars","-"
"313",14,"Will Mallory",IND,"TE48","11","24","4 out of 5 stars","-"
"314",14,"Ashton Dulin",IND,"WR123","11","26","3 out of 5 stars","-"
"315",14,"Charlie Jones",CIN,"WR124","7","24","3 out of 5 stars","-"
"316",14,"Ronald Jones II",FA,"RB105","-","26","-","-"
"317",14,"Rico Dowdle",DAL,"RB106","7","25","2 out of 5 stars","-"
"318",14,"Tommy Tremble",CAR,"TE49","7","23","3 out of 5 stars","-"
"319",14,"Matt Breida",NYG,"RB107","13","28","3 out of 5 stars","-"
"320",14,"Taylor Heinicke",ATL,"QB40","11","30","3 out of 5 stars","-"
"321",14,"Dee Eskridge",SEA,"WR125","5","26","2 out of 5 stars","-"
"322",14,"Dyami Brown",WAS,"WR126","14","23","3 out of 5 stars","-"
"323",14,"Donald Parham Jr.",LAC,"TE50","5","26","3 out of 5 stars","-"
"324",14,"Foster Moreau",NO,"TE51","11","26","3 out of 5 stars","-"
"325",14,"Greg Dortch",ARI,"WR127","14","25","1 out of 5 stars","-"
"326",14,"Malik Davis",DAL,"RB108","7","24","2 out of 5 stars","-"
"327",14,"Adam Trautman",DEN,"TE52","9","26","2 out of 5 stars","-"
"328",14,"Raheem Blackshear",CAR,"RB109","7","24","3 out of 5 stars","-"
"329",14,"Albert Okwuegbunam",PHI,"TE53","10","25","3 out of 5 stars","-"
"330",14,"Salvon Ahmed",MIA,"RB110","10","24","3 out of 5 stars","-"
"331",14,"Demario Douglas",NE,"WR128","11","22","4 out of 5 stars","-"
"332",14,"Kenyan Drake",FA,"RB111","-","29","-","-"
"333",14,"Sterling Shepard",NYG,"WR129","13","30","3 out of 5 stars","-"
"334",14,"O.J. Howard",FA,"TE54","-","28","-","-"
"335",14,"Kyle Trask",TB,"QB41","5","25","2 out of 5 stars","-"
"336",14,"Trent Sherfield",BUF,"WR130","13","27","2 out of 5 stars","-"
"337",14,"Melvin Gordon III",BAL,"RB112","13","30","3 out of 5 stars","-"
"338",15,"Nelson Agholor",BAL,"WR131","13","30","2 out of 5 stars","-"
"339",15,"Travis Homer",CHI,"RB113","13","25","2 out of 5 stars","-"
"340",15,"Marvin Jones Jr.",DET,"WR132","9","33","3 out of 5 stars","-"
"341",15,"Robert Tonyan",CHI,"TE55","13","29","2 out of 5 stars","-"
"342",15,"Will Dissly",SEA,"TE56","5","27","4 out of 5 stars","-"
"343",15,"Charlie Kolar",BAL,"TE57","13","24","3 out of 5 stars","-"
"344",15,"Erik Ezukanma",MIA,"WR133","10","23","3 out of 5 stars","-"
"345",15,"Noah Brown",HOU,"WR134","7","27","3 out of 5 stars","-"
"346",15,"Justin Watson",KC,"WR135","10","27","4 out of 5 stars","-"
"347",15,"Mike Strachan",CAR,"WR136","7","26","3 out of 5 stars","-"
"348",15,"Cole Turner",WAS,"TE58","14","23","5 out of 5 stars","-"
"349",15,"Zack Kuntz",NYJ,"TE59","7","24","3 out of 5 stars","-"
"350",15,"Ke'Shawn Vaughn",TB,"RB114","5","26","3 out of 5 stars","-"
"351",15,"Nick Westbrook-Ikhine",TEN,"WR137","7","26","3 out of 5 stars","-"
"352",15,"Samori Toure",GB,"WR138","6","25","3 out of 5 stars","-"
"353",15,"Joshua Dobbs",ARI,"QB42","14","28","2 out of 5 stars","-"
"354",15,"J.J. Taylor",FA,"RB115","-","25","-","-"
"355",15,"Jordan Akins",CLE,"TE60","5","31","3 out of 5 stars","-"
"356",15,"Velus Jones Jr.",CHI,"WR139","13","26","3 out of 5 stars","-"
"357",15,"Kalif Raymond",DET,"WR140","9","29","3 out of 5 stars","-"
"358",15,"Durham Smythe",MIA,"TE61","10","28","3 out of 5 stars","-"
"359",15,"Sincere McCormick",LV,"RB116","13","23","3 out of 5 stars","-"
"360",15,"Tony Jones Jr.",NO,"RB117","11","25","4 out of 5 stars","-"
"361",15,"Davis Allen",LAR,"TE62","10","22","3 out of 5 stars","-"
"362",15,"Julius Chestnut",TEN,"RB118","7","23","5 out of 5 stars","-"
"363",15,"Jarrett Stidham",DEN,"QB43","9","27","4 out of 5 stars","-"
"364",15,"Mack Hollins",ATL,"WR141","11","30","4 out of 5 stars","-"
"365",15,"Jeremy Ruckert",NYJ,"TE63","7","23","3 out of 5 stars","-"
"366",15,"Noah Gray",KC,"TE64","10","24","4 out of 5 stars","-"
"367",15,"Mitch Trubisky",PIT,"QB44","6","29","3 out of 5 stars","-"
"368",15,"C.J. Uzomah",NYJ,"TE65","7","30","3 out of 5 stars","-"
"369",15,"Derius Davis",LAC,"WR142","5","23","4 out of 5 stars","-"
"370",15,"Jameis Winston",NO,"QB45","11","29","3 out of 5 stars","-"
"371",15,"Dorian Thompson-Robinson",CLE,"QB46","5","23","3 out of 5 stars","-"
"372",15,"Cameron Latu",SF,"TE66","9","23","3 out of 5 stars","-"
"373",15,"DeeJay Dallas",SEA,"RB119","5","25","1 out of 5 stars","-"
"374",15,"Clayton Tune",ARI,"QB47","14","24","2 out of 5 stars","-"
"375",15,"Jake Haener",NO,"QB48","11","24","3 out of 5 stars","-"
"376",15,"Carson Wentz",FA,"QB49","-","30","-","-"
"377",15,"Gardner Minshew II",IND,"QB50","11","27","2 out of 5 stars","-"
"378",15,"Olamide Zaccheaus",PHI,"WR143","10","26","3 out of 5 stars","-"
"379",15,"Rakim Jarrett",TB,"WR144","5","22","4 out of 5 stars","-"
"380",15,"Josh Oliver",MIN,"TE67","13","26","3 out of 5 stars","-"
"381",15,"Jaleel McLaughlin",DEN,"RB120","9","23","3 out of 5 stars","-"
"382",15,"Bailey Zappe",NE,"QB51","11","24","3 out of 5 stars","-"
"383",15,"Hunter Long",LAR,"TE68","10","25","3 out of 5 stars","-"
"384",15,"Ronnie Rivers",LAR,"RB121","10","24","3 out of 5 stars","-"
"385",15,"Justin Shorter",BUF,"WR145","13","23","2 out of 5 stars","-"
"386",15,"Elijah Higgins",ARI,"TE69","14","22","5 out of 5 stars","-"
"387",15,"Deneric Prince",KC,"RB122","10","23","4 out of 5 stars","-"
"388",15,"Braxton Berrios",MIA,"WR146","10","28","3 out of 5 stars","-"
"389",15,"Snoop Conner",JAC,"RB123","9","23","4 out of 5 stars","-"
"390",15,"Bryce Ford-Wheaton",NYG,"WR147","13","23","3 out of 5 stars","-"
"391",15,"Brandon Johnson",DEN,"WR148","9","25","3 out of 5 stars","-"
"392",15,"Lew Nichols III",PHI,"RB124","10","22","2 out of 5 stars","-"
"393",15,"Mo Alie-Cox",IND,"TE70","11","30","4 out of 5 stars","-"
"394",15,"Marlon Mack",ARI,"RB125","14","27","1 out of 5 stars","-"
"395",15,"Craig Reynolds",DET,"RB126","9","27","4 out of 5 stars","-"
"396",15,"Mike Boone",HOU,"RB127","7","28","4 out of 5 stars","-"
"397",15,"Amari Rodgers",FA,"WR149","-","24","-","-"
"398",15,"Marquez Callaway",FA,"WR150","-","25","-","-"
"399",15,"DeAndre Carter",LV,"WR151","13","30","4 out of 5 stars","-"
"400",15,"John Bates",WAS,"TE71","14","25","5 out of 5 stars","-"
"401",15,"Demetric Felton Jr.",CIN,"RB128","7","25","3 out of 5 stars","-"
"402",15,"Darrel Williams",FA,"RB129","-","28","-","-"
"403",15,"Ben Skowronek",LAR,"WR152","10","26","3 out of 5 stars","-"
"404",15,"Dontay Demus",FA,"WR153","-","-","-","-"
"405",15,"Quez Watkins",PHI,"WR154","10","25","3 out of 5 stars","-"
"406",15,"Malik Willis",TEN,"QB52","7","24","2 out of 5 stars","-"
"407",15,"Jauan Jennings",SF,"WR155","9","26","2 out of 5 stars","-"
"408",15,"Ameer Abdullah",LV,"RB130","13","30","3 out of 5 stars","-"
"409",15,"Xazavian Valladay",NYJ,"RB131","7","25","4 out of 5 stars","-"
"410",15,"James Mitchell",DET,"TE72","9","24","3 out of 5 stars","-"
"411",15,"Jamison Crowder",WAS,"WR156","14","30","3 out of 5 stars","-"
"412",15,"Gary Brightwell",NYG,"RB132","13","24","3 out of 5 stars","-"
"413",15,"Artavis Scott",FA,"WR157","-","29","-","-"
"414",15,"Cedrick Wilson Jr.",MIA,"WR158","10","27","3 out of 5 stars","-"
"415",15,"Randall Cobb",NYJ,"WR159","7","33","4 out of 5 stars","-"